,Altman_Z_Score,Financial_Risk_Zone
2021,2.5518158209062647,Grey Zone
2022,2.1587601363647897,Grey Zone
2023,2.707720330523637,Grey Zone
2024,3.2852583705667833,Safe Zone
